,name,size,mean,median,variance,standard deviation,minimum,maximum,repetition distance,entropy,chi-square test chi value,chi-square test p value,kolmogorov-smirnov test d value,kolmogorov-smirnov test p value,autocorrelation (lag 1),autocorrelation (lag 50),autocorrelation (lag 200),bit autocorrelation (lag 1),bit autocorrelation (lag 15),bit autocorrelation (lag 50),bit frequency ratio,pi approximation (monte carlo),difference with actual pi value
0,dat_MT_MT_chn_seed67,1000000,2148651957.286436,2148340899.5,1.5387878227952515e+18,1240478868.3388572,8895.0,4294962365.0,36003.0,9.96505222306542,1014.1279999999999,0.36255234190050756,0.0011718248270153886,0.12818962506378195,-7.401349878199961e-05,-0.001077729110327876,-0.0011234846135079306,-0.00020053378499874876,-4.25254708074197e-06,0.0001733099439317776,0.49997484375,3.140576,0.0010166535897933038
1,dat_MT_MT_ilv_seed67,1000000,2148707096.154703,2149281459.5,1.5365171764174487e+18,1239563300.6899843,3817.0,4294964079.0,46416.0,9.965048956058281,1020.78,0.30901263384816124,0.0007557240770756923,0.6172592889229003,-0.002287366586234865,-0.00038986200132526747,-0.00012069433050471802,-8.801592456033356e-05,-0.00021635968062791759,2.6577817198780853e-05,0.49989140625,3.14256,0.000967346410206904
2,dat_MT_MT_wmx_a0.05_seed67,1000000,2148283228.548502,2148744947.0,1.389959778313149e+18,1178965554.3369997,856491.0,4293417977.0,39043.0,9.928965120970476,35251.46399999999,0.0,0.024025193263247608,0.0,-0.0014356416005786561,0.0007101774262958634,0.0002307125738616442,-0.0065414846032716915,-8.001575936141649e-05,-4.08282509211037e-05,0.49993725,3.38,0.23840734641020678
3,dat_MT_MT_wmx_a0.25_seed67,1000000,2148340921.734656,2148331907.5,9.600029827335077e+17,979797419.2319082,1930816.0,4290584748.0,6474.0,9.7900890236009,186775.386,0.0,0.09415048805448413,0.0,-0.0015575868323585325,0.0013104697322679167,0.00036712724310013694,-0.015460300667407995,-3.4706631018043e-05,-6.164410562375399e-05,0.50006915625,3.827176,0.685583346410207
4,dat_MT_MT_wmx_a0.5_seed67,1000000,2148413038.184939,2148591588.0,7.681239908723405e+17,876426831.4425001,3259500.0,4291062509.0,17999.0,9.686183068005885,334647.506,0.0,0.12529175996549427,0.0,-0.0013818488459758141,0.0018420584541315617,0.0003733997430698998,-0.01534708227254309,-0.00015704932423775078,0.00015926319009013418,0.4998328125,3.899264,0.757671346410207
5,dat_MT_MT_wmx_a0.75_seed67,1000000,2148485154.385752,2148968698.5,9.602083354303347e+17,979902207.074938,1872671.0,4291540270.0,19227.0,9.790470338714808,186293.756,0.0,0.09399017393690348,0.0,-0.0008750478177932555,0.0014265732869278925,0.00010847611935289647,-0.01565311286500791,-4.808133847406983e-05,3.285617159987309e-05,0.50006859375,3.826536,0.6849433464102068
6,dat_MT_MT_wmx_a0.95_seed67,1000000,2148542847.321777,2147654309.5,1.3903294131690404e+18,1179122306.280837,399163.0,4293201368.0,30717.0,9.929090031517548,35151.198000000004,0.0,0.023905486300960184,0.0,-0.0005871820315276003,0.0008546700689900933,-9.07908852102631e-05,-0.006121848804010044,-0.00036931752512646773,0.0002578075223128495,0.5000354375,3.380264,0.23867134641020682
7,dat_MT_MT_xor_seed67,1000000,2148051261.599445,2148387250.5,1.5360204412501565e+18,1239362917.4903357,2046.0,4294965752.0,78207.0,9.965083422228311,972.556,0.719701616768996,0.0005892629677056727,0.8779620260186791,0.0004478358988259077,0.00045198069804596906,-0.0007749561880883259,-9.228574009564658e-05,6.337052031239523e-05,3.4245518277829624e-05,0.50012940625,3.14404,0.00244734641020683
8,dat_MT_none_seed67,1000000,2148557271.086899,2147836658.0,1.5362560164063468e+18,1239457952.6576715,1491.0,4294966220.0,3958.0,9.965063867606327,999.332,0.4910877637077793,0.0008735021221190631,0.4300937645862559,-0.0005413673707362931,0.000730795942029948,-0.00012727672396843282,-7.503138733658798e-05,-3.068763806059915e-05,-0.00010731263953232811,0.49999415625,3.144872,0.0032793464102067738
9,dat_MT_PCG_chn_seed67,1000000,2146881732.199955,2145165249.0,1.5358155033601687e+18,1239280236.0080502,5732.0,4294966008.0,57092.0,9.965018304708169,1060.7,0.08569539161088358,0.000692603570714545,0.7232349213940867,0.0016009975161435754,-0.00027931108006871644,-0.0013031197788772356,-0.00012750167376445408,0.00013652958491839031,-0.00020640786971387915,0.49990928125,3.14456,0.0029673464102066838
10,dat_MT_PCG_ilv_seed67,1000000,2149566729.430883,2150989416.5,1.535550469352636e+18,1239173300.7746074,13104.0,4294966220.0,18919.0,9.965052640362815,1014.776,0.3571849809406631,0.001176180909439939,0.12559559477788063,0.0002120843921961383,0.0013582089059546252,-0.0015481035561817377,-8.319955660660804e-05,9.170667494421188e-05,9.770664914234483e-05,0.49989596875,3.144544,0.0029513464102066678
11,dat_MT_PCG_wmx_a0.05_seed67,1000000,2147542210.418623,2147275021.0,1.390742380197381e+18,1179297409.5610409,318661.0,4292912831.0,56958.0,9.929155229248874,35078.48,0.0,0.023854537938252093,0.0,8.572482760591882e-05,0.0011317218498986122,-0.0005195494774279451,-0.006391536654440842,-0.0001253178753948426,-8.31304163784776e-05,0.499963375,3.378208,0.23661534641020676
12,dat_MT_PCG_wmx_a0.25_seed67,1000000,2147755907.420957,2146820640.0,9.607212309314843e+17,980163879.6300771,961861.0,4290939559.0,26754.0,9.790554234093289,186185.592,0.0,0.09397269827094674,0.0,-0.0003131750577690923,0.0013844319465463025,-0.0007758785131759749,-0.015545351163061384,0.00012143019063820949,-5.106979995032848e-05,0.50004271875,3.826248,0.684655346410207
13,dat_MT_PCG_wmx_a0.5_seed67,1000000,2148023028.64305,2146991176.5,7.686864935095391e+17,876747679.5005157,1765860.0,4290740055.0,5932.0,9.686504165400157,334138.306,0.0,0.12534743912291527,0.0,-0.0008599911420679918,0.0014789695829168683,-0.0008763123442142987,-0.01590055221513976,-4.595812909674767e-05,9.941689182944876e-05,0.5000718125,3.899776,0.758183346410207
14,dat_MT_PCG_wmx_a0.75_seed67,1000000,2148290149.615037,2147889153.0,9.605314220008402e+17,980067049.7475365,2191223.0,4292830535.0,40668.0,9.790545206465032,186203.602,0.0,0.09410431472289563,0.0,-0.000872432219575164,0.0011116167063784362,-0.0005104657098383193,-0.015519922766514463,0.00027342126412622776,5.3921260537399795e-05,0.50006375,3.825408,0.6838153464102068
15,dat_MT_PCG_wmx_a0.95_seed67,1000000,2148503846.367357,2147456308.5,1.3904007241232212e+18,1179152544.8911269,643567.0,4294502919.0,115663.0,9.92914129693724,35077.869999999995,0.0,0.023884453935056924,0.0,-0.0006096107224052209,0.0007924153247117618,-0.0001894469576030307,-0.0064557511331176315,-2.4532142558824668e-05,0.00024771791100453765,0.5000896875,3.379928,0.23833534641020693
16,dat_MT_PCG_xor_seed67,1000000,2146603627.584764,2146274261.0,1.5361216754084923e+18,1239403758.0258067,7421.0,4294964971.0,37736.0,9.965049729998903,1017.8,0.3325533644498037,0.000892934119299027,0.40232683294001303,0.0002882269915748018,7.883340430754217e-05,0.0007602840172504929,-1.8487897994907164e-05,-0.0001248316500363957,0.00016516835549259393,0.4999308125,3.142104,0.00051134641020667
17,dat_MT_XS_chn_seed67,1000000,2149150750.634157,2148741498.0,1.5377835999429527e+18,1240074030.025205,873.0,4294955893.0,inf,9.965028733752835,1047.73,0.13834198787920887,0.0010440440326482392,0.22558753459589975,-0.0018501134741986795,-0.0007550157836980708,0.00015173958721362806,0.0002490167634639384,1.4735532636747617e-05,0.0001645480874535069,0.5000601875,3.13968,0.0019126535897933117
18,dat_MT_XS_ilv_seed67,1000000,2147058119.171723,2145011465.5,1.5359591866569452e+18,1239338205.1147077,1491.0,4294966220.0,94991.0,9.965003911428756,1081.7179999999998,0.0346369939397457,0.0007997771318405955,0.5442339575096846,-0.0006475561173571754,-0.0013978244695172792,0.0016088960190944873,-0.0002949376657448101,-0.0004450939093935657,-0.00011471892120857768,0.49991140625,3.143472,0.001879346410206928
19,dat_MT_XS_wmx_a0.05_seed67,1000000,2147067764.833858,2146171681.5,1.39073526521196e+18,1179294392.9367087,2660004.0,4293908444.0,3842.0,9.92919684278336,35059.81,0.0,0.02385596520352362,0.0,-0.00012107617947256203,-0.0014858075177930218,-0.0006058504614553294,-0.006524906282929929,-0.0002514375323507649,-0.00019937503342683355,0.499997125,3.378656,0.23706334641020677
20,dat_MT_XS_wmx_a0.25_seed67,1000000,2147381345.117411,2147121898.0,9.60690892142364e+17,980148403.1218762,2789028.0,4292343516.0,37256.0,9.790398190569718,186402.804,0.0,0.09408073800067607,0.0,-0.00014202271755190592,-0.001143685458932612,-0.0005851754102400032,-0.015718281845752944,-0.00042281308831298894,-0.00023575058668840493,0.499987875,3.82484,0.6832473464102069
21,dat_MT_XS_wmx_a0.5_seed67,1000000,2147773320.440343,2148612029.0,7.68645666238149e+17,876724395.8269606,2210424.0,4292028171.0,25710.0,9.686418636413567,334264.146,0.0,0.12518146482385695,0.0,-0.00029298033799979626,-0.0001448976046957961,-0.0004160626603301155,-0.015490303234919267,-2.5083144219735472e-05,0.00011960434968612972,0.50014421875,3.898944,0.7573513464102071
22,dat_MT_XS_wmx_a0.75_seed67,1000000,2148165295.513409,2149145849.5,9.605007076597185e+17,980051380.1121442,1631819.0,4292321957.0,85965.0,9.790352763321618,186325.95,0.0,0.09397464521932597,0.0,-0.0004757356031097933,0.0006549684989266855,-0.00020571604762075643,-0.015713407991391776,5.799828045243607e-05,0.00014118577800697546,0.4999793125,3.82708,0.6854873464102069
23,dat_MT_XS_wmx_a0.95_seed67,1000000,2148478875.547208,2147951165.0,1.3903929331423946e+18,1179149241.2508242,1168935.0,4293666807.0,21997.0,9.928995410143166,35264.096,0.0,0.023858840588018296,0.0,-0.0005360304332792959,0.0007506667360527079,-0.0001340121186768417,-0.0063325573048456235,-0.00028052585786017195,-0.00021658840652994,0.50008046875,3.378472,0.2368793464102068
24,dat_MT_XS_xor_seed67,1000000,2147224306.54917,2146884259.5,1.537690412413207e+18,1240036456.082323,2366.0,4294967119.0,47359.0,9.965108650035186,937.06,0.9193094016397646,0.00043898848840595583,0.9904872790397427,-0.0002448508063246589,-0.0031837825842428126,-0.00013435982147557926,3.5888261127490615e-05,-8.795549110631205e-05,-0.00016645554283725017,0.5000670625,3.139128,0.0024646535897931976
25,dat_PCG_MT_chn_seed67,1000000,2148643183.185203,2148672569.0,1.53789983115314e+18,1240120893.7652571,679.0,4294958798.0,8984.0,9.965078846243944,979.296,0.6659682748895636,0.0007132107990086567,0.688865963104837,0.0005996921317039726,-0.00041845029513553304,0.00042812698600388496,-0.0001477783527753515,-3.399713259582903e-05,-0.00014624710277514008,0.50017471875,3.139664,0.0019286535897933277
26,dat_PCG_MT_ilv_seed67,1000000,2146888271.049468,2146284997.0,1.536149505796412e+18,1239414985.30412,2006.0,4294966774.0,29674.0,9.965082831218467,971.884,0.7248342711328466,0.0006530833352804688,0.7869621864920865,-0.0002495932029139628,0.001895560313108919,-0.0014140171213873384,-8.172331506481272e-05,6.143293558755174e-05,-0.00010156706516260613,0.50003378125,3.142408,0.0008153464102069741
27,dat_PCG_MT_wmx_a0.05_seed67,1000000,2148087988.236587,2148172800.0,1.38970614535064e+18,1178857983.5377288,1506460.0,4292986032.0,18517.0,9.92883593328041,35415.102,0.0,0.024057651326462648,0.0,-0.0013873606361321776,0.0007127858553549837,0.000223612260569917,-0.006311161319529105,-0.00022550462853652024,0.000542495552508099,0.5001295625,3.37944,0.2378473464102071
28,dat_PCG_MT_wmx_a0.25_seed67,1000000,2147364720.176933,2147647683.0,9.590886632793302e+17,979330722.1155324,1403235.0,4291413310.0,8126.0,9.78965491599106,187179.786,0.0,0.09414056197470422,0.0,-0.0012529200334782757,0.0012889406504142517,0.00015236036913341604,-0.015686981920970292,-0.00015888799093171187,0.0001037995053413017,0.4999430625,3.827304,0.6857113464102067
29,dat_PCG_MT_wmx_a0.5_seed67,1000000,2146460635.069057,2145932333.0,7.671799653587944e+17,875888100.9345853,1274203.0,4291719638.0,18059.0,9.685264147877609,336190.976,0.0,0.1256370532081723,0.0,-0.0007604050499931334,0.0016600534976787948,-0.0006745901363572052,-0.015703160890691997,0.0003525579453805794,-0.0001766295950843393,0.4999661875,3.899976,0.758383346410207
30,dat_PCG_MT_wmx_a0.75_seed67,1000000,2145556549.712081,2144376823.5,9.601192172493341e+17,979856733.0224017,1145171.0,4292141895.0,66872.0,9.79033815758975,186310.874,0.0,0.09396832586634163,0.0,-0.0002988345881256103,0.0010532426424245457,-0.0017601354841091587,-0.01587715779261181,-6.618901623073765e-05,0.00013137349623514575,0.49998053125,3.826624,0.6850313464102067
31,dat_PCG_MT_wmx_a0.95_seed67,1000000,2144833281.401609,2142262768.5,1.39156114249399e+18,1179644498.3527834,835062.0,4294363744.0,42590.0,9.929208887544856,34966.42,0.0,0.02367505450151861,0.0,-0.00020227884292770058,0.0004208346376302688,-0.0021516591599403884,-0.006302531368323761,6.13748837819614e-05,-8.018761691469343e-05,0.4999945625,3.37684,0.23524734641020695
32,dat_PCG_MT_xor_seed67,1000000,2149716432.089132,2152238844.5,1.5375120585838141e+18,1239964539.2444956,1867.0,4294966707.0,37878.0,9.965046060060146,1023.8919999999999,0.2852871299822812,0.0012900052836388731,0.07164824920143387,-0.0002814214622585835,-0.0011944557244258434,0.0009985036726090197,-0.00031220506481229986,0.00021838872488151747,-0.0001844863500785074,0.49988953125,3.14292,0.001327346410207042
33,dat_PCG_none_seed67,1000000,2144652464.854816,2142128850.5,1.5379064189488166e+18,1240123549.8726797,967.0,4294966774.0,21096.0,9.965031283733975,1044.56,0.15409516240221055,0.0014067101319581443,0.03817916867481275,-0.00020307434074150112,0.00029211433734844383,-0.0021920036580652252,-3.799587300459863e-05,-5.021464392983638e-05,4.6785338081514004e-05,0.50008234375,3.140392,0.0012006535897932658
34,dat_PCG_PCG_chn_seed67,1000000,2145968739.725672,2144975267.5,1.5367767320517437e+18,1239667992.6705148,12537.0,4294966732.0,89561.0,9.965087011635502,967.908,0.7542679329073204,0.0008880199252516152,0.4092467832079787,-0.00023745244715383162,-0.00010061679352355492,-0.0011276318814061024,-9.998325664333585e-05,-0.0002918270094303649,9.036048856838331e-05,0.50006021875,3.142432,0.000839346410206776
35,dat_PCG_PCG_ilv_seed67,1000000,2145059872.18743,2144592031.5,1.5374579949218158e+18,1239942738.5657032,2006.0,4294966774.0,75650.0,9.965071972622669,987.1120000000001,0.5995138526736902,0.0011351534336507818,0.1517995622863837,-0.00022640313061780059,0.001893626015241604,-0.0018836594208703687,0.0002950185552756455,1.3924815788512485e-05,0.0003149248477669871,0.49994365625,3.13916,0.0024326535897931656
36,dat_PCG_PCG_wmx_a0.05_seed67,1000000,2147346970.106911,2147015436.5,1.390742246936109e+18,1179297353.0607576,215988.0,4292599241.0,24979.0,9.929215344476424,35022.752,0.0,0.023705064609020998,0.0,4.5528155499113655e-05,0.0010374125971064705,-0.0005024102472150093,-0.006147843839612921,-0.0001401250884916172,-2.675008494138898e-05,0.50000471875,3.378648,0.23705534641020698
37,dat_PCG_PCG_wmx_a0.25_seed67,1000000,2146779705.862841,2148563309.5,9.608075681881143e+17,980207920.8964363,936340.0,4291884616.0,37083.0,9.790650698177506,186208.37,0.0,0.09426901247213781,0.0,-0.000514368661174202,0.0008085612688281416,-0.0008518327130548149,-0.01535968436620629,-3.140267112176941e-05,6.878492520350433e-05,0.4999168125,3.826232,0.684639346410207
38,dat_PCG_PCG_wmx_a0.5_seed67,1000000,2146070625.526867,2146211487.5,7.690766769428682e+17,876970168.7873244,1836779.0,4291982652.0,34070.0,9.686912277257685,334045.324,0.0,0.1256018122406155,0.0,-0.0010821840129257158,0.0003732370572283249,-0.0016906806849700418,-0.01551913826819682,-7.016885407114143e-05,0.00023820623790779796,0.4998953125,3.898328,0.7567353464102067
39,dat_PCG_PCG_wmx_a0.75_seed67,1000000,2145361544.940946,2145058180.5,9.614429605298807e+17,980531978.3310897,2245609.0,4292080687.0,2256.0,9.79116124206632,185714.44799999997,0.0,0.09396776875530188,0.0,-0.0008025948420416637,0.00018497074865922238,-0.0022374142109734575,-0.01588059456783143,0.00015300016567216978,0.0001539376812539292,0.4998751875,3.824936,0.683343346410207
40,dat_PCG_PCG_wmx_a0.95_seed67,1000000,2144794280.446986,2142339272.5,1.391885953150536e+18,1179782163.4312565,862955.0,4294186069.0,42301.0,9.929541343531495,34699.734,0.0,0.023529215330660325,0.0,-0.0003132970904347749,0.00026188510154514003,-0.0022254560687993566,-0.006275711104138839,-2.4916439222074658e-06,-9.949165538045231e-05,0.49982925,3.37532,0.23372734641020676
41,dat_PCG_PCG_xor_seed67,1000000,2146533668.635405,2146516410.0,1.5382071541969016e+18,1240244796.0773315,4186.0,4294961683.0,66189.0,9.965067645853795,992.6720000000001,0.5505084407055802,0.000730201253324736,0.6602661177722537,0.00029659309707868705,0.0008312407094379634,-0.0008888697805638974,7.9648710774347e-06,-0.00042031637669290447,3.7808640640394894e-05,0.500031125,3.14152,7.265358979324787e-05
42,dat_PCG_XS_chn_seed67,1000000,2147557920.762801,2145881111.0,1.534571324459888e+18,1238778157.8877988,3511.0,4294962403.0,inf,9.96511506539136,926.472,0.9503849917596668,0.0010640231758803076,0.20742761637071483,0.0006873754430488788,0.0012358166947927104,-0.0003649045555705081,-5.834716514492733e-05,0.00021518408578786305,0.0002573091078406941,0.50002921875,3.144368,0.002775346410206936
43,dat_PCG_XS_ilv_seed67,1000000,2146450959.345452,2143632283.0,1.5394268599853297e+18,1240736418.4166312,2006.0,4294966774.0,49678.0,9.96510074879806,947.656,0.8757440855948855,0.001001622489139431,0.2680867450602531,0.00019125644488982333,0.0010117186984510257,-0.0014080237240780677,0.00012392729693846044,-5.416651191089353e-05,0.00018933327144619313,0.50016121875,3.139856,0.0017366535897931357
44,dat_PCG_XS_wmx_a0.05_seed67,1000000,2146872524.522189,2145542173.5,1.390687334413316e+18,1179274070.9492922,1556300.0,4293250868.0,160089.0,9.928973892470138,35200.31599999999,0.0,0.0238541294886917,0.0,-0.00013168177194546686,-0.001384977152815983,-0.0006705685260321513,-0.006406818677058567,-0.00022109970900265023,-0.00016203726712562606,0.5000964375,3.378624,0.23703134641020673
45,dat_PCG_XS_wmx_a0.25_seed67,1000000,2146405143.559423,2144624977.5,9.605885549123717e+17,980096196.7645684,2962526.0,4292945723.0,52775.0,9.790458544134877,186275.488,0.0,0.0939394223146588,0.0,-0.00017416589876404596,-0.0006041896950501497,-0.00112896051448761,-0.015576271168091379,0.00034757336116893363,0.00012876080721305313,0.49988640625,3.824808,0.6832153464102069
46,dat_PCG_XS_wmx_a0.5_seed67,1000000,2145820917.324163,2145438649.5,7.687842836869591e+17,876803446.4388008,3042869.0,4292564291.0,86552.0,9.686639428512425,334052.61,0.0,0.12535748711749917,0.0,-0.00023385700892598915,0.0006081266644183211,-0.0020102618562221914,-0.015506762632073566,-0.00033016821329839114,1.8706775738505126e-05,0.4998960625,3.89924,0.7576473464102067
47,dat_PCG_XS_wmx_a0.75_seed67,1000000,2145236690.839445,2144577437.5,9.612235717002477e+17,980420099.6002926,1731706.0,4292182859.0,64795.0,9.790750087279164,185990.69,0.0,0.0943222582020462,0.0,-0.0002373240260751017,0.0008434308651038305,-0.0024007606255808537,-0.015392348968218075,-0.00013106764873276527,-6.181763942216068e-05,0.49996415625,3.825352,0.683759346410207
48,dat_PCG_XS_wmx_a0.95_seed67,1000000,2144769309.626794,2143131009.0,1.391830364630829e+18,1179758604.389402,682776.0,4293471469.0,58592.0,9.929181798991136,35062.856,0.0,0.02369152084301407,0.0,-0.0002102293502380743,0.00041522001065501506,-0.002251936235769526,-0.006714236191494712,-0.00010301733515689073,-5.517349942667972e-06,0.4999341875,3.376512,0.23491934641020684
49,dat_PCG_XS_xor_seed67,1000000,2146068326.623601,2145590779.5,1.5384436481889843e+18,1240340134.0716925,2551.0,4294965138.0,26872.0,9.965087205830654,965.8820000000001,0.7686182743102162,0.0008321911771744794,0.4925024671397171,0.0009561459898427662,0.001465838234620271,0.0006186261323076061,0.00022065677824309346,1.7375468934685813e-05,-5.562456679554332e-05,0.5001245,3.138048,0.0035446535897931675
50,dat_XS_MT_chn_seed67,1000000,2147697049.291156,2146879634.0,1.535987623434127e+18,1239349677.6269913,971.0,4294958468.0,32984.0,9.965040773853055,1031.0720000000001,0.23427243343466514,0.0007221123829632969,0.6738986445066442,-0.0009138884699250312,0.00043579552930239716,-0.0010392344234018262,0.00012625869737392713,4.628994054609742e-05,4.35399037447289e-05,0.49985415625,3.145672,0.004079346410206686
51,dat_XS_MT_ilv_seed67,1000000,2148458263.156317,2149092655.0,1.5373866347018565e+18,1239913962.6207364,154.0,4294964079.0,117461.0,9.965073239625868,985.174,0.6163160220765397,0.0007230983198434071,0.6722382097405015,-2.8058106412818818e-05,0.00028540892204090024,0.00017777686270610104,-1.5609531884087933e-05,2.32342108727592e-05,-0.0001808907295554851,0.4999371875,3.142256,0.0006633464102070441
52,dat_XS_MT_wmx_a0.05_seed67,1000000,2148280225.349131,2148657257.0,1.3899000042336942e+18,1178940203.8414392,1368689.0,4293116734.0,1127.0,9.928539252339034,35627.67999999999,0.0,0.02421201835052669,0.0,-0.0014425664064031153,0.0005502629865361653,0.0002170806235193673,-0.006119971437939845,-0.0002811901658889714,-9.690152245136242e-06,0.50002584375,3.380272,0.23867934641020705
53,dat_XS_MT_wmx_a0.25_seed67,1000000,2148325905.738604,2147835109.0,9.598861459043438e+17,979737794.465613,2032771.0,4292070070.0,75114.0,9.79014615791842,186608.174,0.0,0.09413407159101964,0.0,-0.0014522630981072086,0.00022158288223742098,0.0003078505297867958,-0.015730877418215657,3.902933177239753e-05,7.09667758952071e-05,0.50009103125,3.826744,0.685151346410207
54,dat_XS_MT_wmx_a0.5_seed67,1000000,2148383006.193976,2148166940.0,7.683454011373562e+17,876553136.5167522,2054249.0,4292549680.0,20685.0,9.686282860780812,334826.504,0.0,0.125353666677624,0.0,-0.000633088445851698,-0.0006642180674070102,0.0003482674860585384,-0.01549072917320482,-0.00018251025976984177,-0.00023601024766793538,0.49994934375,3.899296,0.757703346410207
55,dat_XS_MT_wmx_a0.75_seed67,1000000,2148440106.3993,2149468255.0,9.612230767098683e+17,980419847.1623615,2013678.0,4293029289.0,33824.0,9.790793350222629,185948.4,0.0,0.09391908286534249,0.0,0.0006043669157724677,-0.0013211766282777175,0.00022606854771885134,-0.015633611833920327,-7.705289031663568e-06,-0.00010658032417414105,0.50006671875,3.824768,0.683175346410207
56,dat_XS_MT_wmx_a0.95_seed67,1000000,2148485786.538702,2150472950.5,1.3923064796829637e+18,1179960372.0816066,731519.0,4293412977.0,1686.0,9.92921118645437,35141.46,0.0,0.023857811876684454,0.0,0.0011131647697222343,-0.0013674727106189153,0.00011560808290190418,-0.00632347457209203,-0.00019044329611096753,0.0001457442010729227,0.49996196875,3.376408,0.23481534641020696
57,dat_XS_MT_xor_seed67,1000000,2147307029.749567,2147975309.5,1.5393996215758607e+18,1240725441.657364,4471.0,4294966698.0,31796.0,9.965059294466801,1005.6759999999999,0.4348930466421098,0.0008943172413557743,0.4003918588133909,-0.0006103061163216867,-0.0001489028672074347,0.00021300388066439093,9.9671525192652e-06,3.574840256015061e-05,-0.00013837657775068898,0.50001996875,3.138232,0.0033606535897932055
58,dat_XS_none_seed67,1000000,2148497207.104453,2150231906.0,1.5385191726211105e+18,1240370578.7469769,154.0,4294957112.0,inf,9.965060801635689,1003.0479999999999,0.45804921900294443,0.0008449133201539061,0.4728240897445529,0.0011752072172236444,-0.0013429116767819246,9.401196473958704e-05,-2.9725608112497706e-05,0.00011361813769262012,-0.0001327568225987422,0.49995859375,3.140176,0.0014166535897932597
59,dat_XS_PCG_chn_seed67,1000000,2149781772.372487,2152874692.5,1.5360185386075674e+18,1239362149.9011366,3442.0,4294963762.0,12333.0,9.965039723108683,1032.252,0.22642063690850983,0.001506682406872517,0.021321436438704728,0.001405433771181983,0.00092840532789189,-0.0006803438755852449,0.00018762699311146455,-0.0001775292996563349,-0.0002139042366081,0.50008553125,3.143752,0.002159346410206986
60,dat_XS_PCG_ilv_seed67,1000000,2149722695.651609,2151622594.0,1.5373436344287337e+18,1239896622.4765408,1841.0,4294949540.0,60142.0,9.965110434463078,933.45,0.9312067132744513,0.0011592544537634142,0.1359209428692082,-0.0003273256941630394,0.00020021186546795522,-0.0012891487573413179,-0.00010046971109861309,0.0005324365395097491,-9.087596302838815e-05,0.5000155,3.141024,0.0005686535897932998
61,dat_XS_PCG_wmx_a0.05_seed67,1000000,2147539207.219999,2147964114.0,1.3906229001822456e+18,1179246751.1857922,1630527.0,4293659737.0,49505.0,9.929095296888903,35108.403999999995,0.0,0.023779387828812004,0.0,0.00010552389476374064,0.0009821872870470032,-0.0005984763062681152,-0.006040408069837165,-7.2518142442823e-06,0.00018087316481331373,0.49997871875,3.378616,0.23702334641020695
62,dat_XS_PCG_wmx_a0.25_seed67,1000000,2147740891.425542,2149317602.5,9.603687127744357e+17,979984036.9998053,3085819.0,4292592569.0,31467.0,9.790341914357441,186473.756,0.0,0.09427496938207747,0.0,-5.549608409851432e-05,0.000354914103122522,-0.0012083977765573839,-0.015264991803336988,-0.0004937101991030104,0.00024685232710316713,0.49992465625,3.826752,0.6851593464102068
63,dat_XS_PCG_wmx_a0.5_seed67,1000000,2147992996.652327,2148211902.5,7.685936620022431e+17,876694737.0677224,3371802.0,4292314944.0,29308.0,9.686344203780132,334710.702,0.0,0.12519806287644808,0.0,0.00014181616894177928,-0.0009283708001089484,-0.0015227646583366233,-0.015604175740504697,7.610581054870948e-05,0.00016629328627584453,0.50006928125,3.90028,0.7586873464102069
64,dat_XS_PCG_wmx_a0.75_seed67,1000000,2148245101.628294,2149158419.0,9.613104819502726e+17,980464421.5626963,3486830.0,4292037319.0,86739.0,9.790568812947939,186076.986,0.0,0.09409843183924257,0.0,0.0007588157359772937,-0.001576862552725309,-0.0007649332901507628,-0.015864583064820442,-6.142600854995274e-05,2.0511396746431966e-05,0.4998870625,3.824848,0.6832553464102067
65,dat_XS_PCG_wmx_a0.95_seed67,1000000,2148446785.583535,2150203315.5,1.392318084701542e+18,1179965289.617259,1587208.0,4293617273.0,7017.0,9.929039243119284,35117.712,0.0,0.023774746554508806,0.0,0.0011173463633596431,-0.0014193689711920609,-4.808571257549964e-05,-0.006259508099854989,-4.791409458707235e-05,-0.0001054140968846135,0.499901125,3.376136,0.2345433464102067
66,dat_XS_PCG_xor_seed67,1000000,2148015936.959918,2146888604.5,1.5399113817716027e+18,1240931658.7836747,2001.0,4294963504.0,6961.0,9.965116506276207,925.378,0.9529687783851539,0.0008896615729182544,0.40692729599921984,-0.00147407132306091,-0.00015064951170132068,-0.0023172539047913985,-0.00018768275270639385,-0.00017302650232539865,0.0002513485495690643,0.500081375,3.137968,0.0036246535897932475
67,dat_XS_XS_chn_seed67,1000000,2148500474.314878,2150234948.5,1.5385159196068636e+18,1240369267.43888,154.0,4294957112.0,inf,9.965060709703893,1003.174,0.4569341672429215,0.0008459133201539348,0.47129385263605694,0.0011733853856508475,-0.001346723839875484,9.481661027914274e-05,-2.972558742401326e-05,0.00011343066355310011,-0.0001330693174689602,0.49995865625,3.139952,0.0016406535897930397
68,dat_XS_XS_ilv_seed67,1000000,2146614840.152049,2145400322.5,1.537575210409372e+18,1239990004.1570382,154.0,4294964938.0,inf,9.96506364835369,997.884,0.5040131410810976,0.0008168267512917438,0.5167580440020241,-5.278827110682031e-05,-7.005870927049295e-05,-0.000172097140559684,-5.898180382950575e-05,0.00016286194192188244,-3.0325524912971764e-05,0.499942875,3.142128,0.0005353464102069161
69,dat_XS_XS_wmx_a0.05_seed67,1000000,2147064761.634498,2146247416.5,1.3904788670173015e+18,1179185679.618482,1220622.0,4294051538.0,16063.0,9.929091182344676,35166.516,0.0,0.023897226089775563,0.0,-5.765995386385798e-05,-0.0014447918646814247,-0.0004625366350813704,-0.006188787514709301,-0.00012156873188230296,0.0004963063015325649,0.4999605625,3.378592,0.2369993464102067
70,dat_XS_XS_wmx_a0.25_seed67,1000000,2147366329.121576,2147225942.0,9.597979074919529e+17,979692761.7839956,3571104.0,4292318091.0,61611.0,9.790134201646502,186714.05,0.0,0.09417740220089255,0.0,0.0003653809973431068,-0.0010834898268751822,0.0002531317783703244,-0.015355406726167442,1.5187032366634052e-05,2.80620486378091e-05,0.49998915625,3.82484,0.6832473464102069
71,dat_XS_XS_wmx_a0.5_seed67,1000000,2147743288.449548,2149012690.5,7.67832212739111e+17,876260356.708616,3455629.0,4292725512.0,17807.0,9.685863988960142,335218.38,0.0,0.12528449970738587,0.0,0.001125598363291155,-0.0007351126500875098,0.0010554312307959589,-0.015895237384920057,-8.933084495863797e-05,3.335675038323594e-05,0.49993228125,3.898048,0.7564553464102071
72,dat_XS_XS_wmx_a0.75_seed67,1000000,2148120247.527438,2150049635.0,9.607393011157651e+17,980173097.5270466,2013122.0,4293344107.0,36826.0,9.79049593353899,186067.974,0.0,0.0940982707178295,0.0,0.0014052369046562943,-0.0009435419886665036,0.000809399645905177,-0.015635656670355557,2.5624583596702716e-05,4.943707723853575e-05,0.5000101875,3.823784,0.6821913464102067
73,dat_XS_XS_wmx_a0.95_seed67,1000000,2148421814.764122,2150639723.0,1.3921733755415457e+18,1179903968.7794704,859117.0,4293838983.0,67742.0,9.929080576798803,35127.18,0.0,0.023843688329577395,0.0,0.0012345437804926957,-0.0012705116129285692,0.00022931960036071797,-0.006371049906576646,-0.00014695601573146404,-0.00010876857460195763,0.5000680625,3.375304,0.23371134641020674
74,dat_XS_XS_xor_seed67,1000000,2149097213.783124,2152551162.0,1.5361174795602578e+18,1239402065.3364499,7871.0,4294966700.0,inf,9.964997372214004,1090.356,0.02278066992812544,0.001257462493225947,0.08456870463590349,0.0020892773534781986,0.000607014257637515,0.00012684947177640058,-0.000279975454803213,2.59307505871165e-05,0.00017443095802276832,0.4998685,3.144592,0.0029993464102067158
